{
  "random_walk": {
    "y_1m": {
      "pinball": 0.02193244253003922,
      "coverage": 0.8738166338395069,
      "hit_rate": 0.5767043649533007,
      "ic": null
    },
    "y_3m": {
      "pinball": 0.03856541305188437,
      "coverage": 0.8698138382362285,
      "hit_rate": 0.6303767710782133,
      "ic": null
    },
    "y_6m": {
      "pinball": 0.058290229274342485,
      "coverage": 0.8693214308405871,
      "hit_rate": 0.6688163161573162,
      "ic": null
    }
  },
  "baseline": {
    "y_1m": {
      "pinball": 0.021236398365598902,
      "coverage": 0.797128152995743,
      "hit_rate": 0.5767043649533007,
      "ic": -0.02106197972838745
    },
    "y_3m": {
      "pinball": 0.03642614350441379,
      "coverage": 0.8067062710464451,
      "hit_rate": 0.6303767710782133,
      "ic": -0.02573865211088929
    },
    "y_6m": {
      "pinball": 0.05340905419762116,
      "coverage": 0.8058485291314569,
      "hit_rate": 0.6688163161573162,
      "ic": 0.019612945407477145
    }
  },
  "gbm": {
    "y_1m": {
      "pinball": 0.021333075946583152,
      "coverage": 0.702776542347036,
      "hit_rate": 0.5258116779973314,
      "ic": -0.012295694150323607
    },
    "y_3m": {
      "pinball": 0.03806882893281369,
      "coverage": 0.7037137048097084,
      "hit_rate": 0.579674693436686,
      "ic": 0.018183076368651765
    },
    "y_6m": {
      "pinball": 0.05521642445451677,
      "coverage": 0.6969311900374865,
      "hit_rate": 0.6300908571065507,
      "ic": 0.059921679563306254
    }
  },
  "chronos": {
    "y_1m": {
      "pinball": 0.021277716402100185,
      "coverage": 0.7880424423406824,
      "hit_rate": 0.5370417434398628,
      "ic": 0.01802645882809915
    },
    "y_3m": {
      "pinball": 0.0366758792763502,
      "coverage": 0.8126310439036788,
      "hit_rate": 0.5835663002732067,
      "ic": 0.028411378014818415
    },
    "y_6m": {
      "pinball": 0.055240153397674796,
      "coverage": 0.6739151153186352,
      "hit_rate": 0.6173676853675583,
      "ic": 0.03313903024082808
    }
  },
  "ensemble": {
    "y_1m": {
      "pinball": 0.020951016976734977,
      "coverage": 0.7833883982463943,
      "hit_rate": 0.5367875976872737,
      "ic": 0.010176577554540454
    },
    "y_3m": {
      "pinball": 0.03671246982168316,
      "coverage": 0.7714753160937797,
      "hit_rate": 0.5835663002732067,
      "ic": 0.028411378014818415
    },
    "y_6m": {
      "pinball": 0.05411589198335089,
      "coverage": 0.8015915877755893,
      "hit_rate": 0.6173676853675583,
      "ic": 0.03313903024082808
    }
  },
  "conformal_delta": {
    "1m": 0.0004950170269663461,
    "3m": -0.015054169837402483,
    "6m": 0.05865386974353923
  },
  "blend_weight_chronos": {
    "1m": 0.8,
    "3m": 1.0,
    "6m": 1.0
  }
}